2	{"tool_name":"Edit","tool_input":{"file_path":"/Users/eric/.local/with-staging/d111-demands/src/SemaCheck.w"}}
2	{"tool_name":"Bash","tool_input":{"command":"cd /Users/eric/.local/with-staging/d111-demands && with build :dev"}}
2	{"tool_name":"Bash","tool_input":{"command":"kill 86786"}}
2	{"tool_name":"Bash","tool_input":{"command":"grep RED /Users/eric/.local/with-staging/d111-demands/out/battery/status.txt"}}
2	{"tool_name":"Bash","tool_input":{"command":"mv out/x.tmp /Users/eric/.local/with-staging/d111-demands/src/a.w"}}
2	{"tool_name":"Bash","tool_input":{"command":"cd /Users/eric/.local/with-staging/d111-demands && git commit -m x"}}
2	{"tool_name":"Bash","tool_input":{"command":"cd /Users/eric/.local/with-staging/d111-demands && with build :gate > out/gate.log 2>&1"}}
0	{"tool_name":"Bash","tool_input":{"command":"ls /Users/eric/.local/with-staging/d111-demands/out"}}
0	{"tool_name":"Bash","tool_input":{"command":"cd /Users/eric/with && printf /Users/eric/.local/with-staging/d111-demands | mv out/g.tmp tools/x.w"}}
0	{"tool_name":"Bash","tool_input":{"command":"with run tools/verdict.w /Users/eric/.local/with-staging/d111-demands/out/battery/status.txt"}}
0	{"tool_name":"Bash","tool_input":{"command":"cd /Users/eric/.local/with-staging/d111-demands && git log --oneline -1"}}
0	{"tool_name":"Edit","tool_input":{"file_path":"/Users/eric/with/tools/verdict.w"}}
0	{"tool_name":"Bash","tool_input":{"command":"cd /Users/eric/with && with build :dev"}}
