alloc_site_elided	Vec[i32],
alloc_site_fn_syms	Vec[i32],
alloc_site_kinds	Vec[i32],
alloc_site_nodes	Vec[i32],
array_fill_counts	HashMap[i32, i32],
assign_target_revive_sym	i32,
assign_view_targets	HashMap[i32, i32],
assoc_type_bindings	HashMap[i32, i32],
async_scope_names	Vec[i32],
auto_ref_binding_values	HashMap[i32, i32],
auto_ref_payload_args	HashMap[i32, i32],
autoderef_step_counts	HashMap[i32, i32],
autoderef_step_fns	Vec[i32],
autoderef_step_starts	HashMap[i32, i32],
autoderef_step_tys	Vec[i32],
bind_is_scoped_task	Vec[i32],
bind_is_task	Vec[i32],
bind_is_view_bound	Vec[i32],
bind_muts	Vec[i32],
bind_names	Vec[i32],
bind_provenance	Vec[BindingProvenance],
bind_states	Vec[i32],
bind_task_used	Vec[i32],
bind_types	Vec[i32],
binding_closure_nodes	HashMap[i32, i32],
binding_decl_nodes	HashMap[i32, i32],
binding_epoch_counter	i32,
binding_last_use	HashMap[i32, i64],
binding_use_epoch	i32,
binding_use_seq	i32,
binding_value_nodes	HashMap[i32, i32],
body_order_lower	Vec[i32],
body_order_state	Vec[i32],
body_tail_block	i32,
body_tail_discards	bool,
body_tail_holder	i32,
body_tail_is_statement	bool,
body_typed_decls	HashMap[i32, i32],
body_typed_next	Vec[i32],
body_typed_sigs	HashMap[i32, i32],
borrow_creation_nodes	Vec[i32],
borrow_fields	Vec[i32],
borrow_kinds	Vec[i32],
borrow_path_counts	Vec[i32],
borrow_path_data	Vec[i32],
borrow_path_starts	Vec[i32],
borrow_places	Vec[i32],
borrow_pointee_join_node	i32,
borrow_refs	Vec[i32],
borrow_scope_depths	Vec[i32],
break_target_nodes	HashMap[i32, i32],
btree_insert_mono_syms	HashMap[i32, i32],
btree_insert_sigs	HashMap[i32, i32],
c_promoted_arg_data	Vec[i32],
c_promoted_arg_starts	HashMap[i32, i32],
call_callable_types	HashMap[i32, i32],
call_resolved_arg_counts	HashMap[i32, i32],
call_resolved_arg_starts	HashMap[i32, i32],
call_resolved_args_data	Vec[i32],
call_resolved_default_arg_keys	HashMap[i64, i32],
callable_clone_nodes	HashMap[i32, i32],
capture_field_kinds	Vec[i32],
capture_field_syms	Vec[i32],
cast_modes	HashMap[i32, i32],
clone_contract_fns	HashMap[i32, i32],
clone_contract_mono_syms	HashMap[i32, i32],
clone_contract_sigs	HashMap[i32, i32],
closure_body_depth	i32,
closure_direct_arg_depth	i32,
closure_direct_arg_escape_flags	Vec[i32],
collection_literal_hints	HashMap[i32, i32],
comp_resolved	HashMap[i32, i32],
comprehension_chain_roots	HashMap[i32, i32],
comprehension_failure_rewraps	HashMap[i32, i32],
comprehension_root_carriers	HashMap[i32, i32],
comprehension_root_err_types	HashMap[i32, i32],
comptime_selected_branches	HashMap[i32, i32],
concrete_drop_mono_syms	HashMap[i32, i32],
concrete_drop_sigs	HashMap[i32, i32],
concrete_specialization_by_sym	HashMap[i32, i32],
concrete_specialization_nodes	Vec[i32],
concrete_specialization_param_counts	Vec[i32],
concrete_specialization_param_starts	Vec[i32],
concrete_specialization_param_types	Vec[i32],
concrete_specialization_sigs	Vec[i32],
concrete_specialization_subst_counts	Vec[i32],
concrete_specialization_subst_starts	Vec[i32],
concrete_specialization_subst_syms	Vec[i32],
concrete_specialization_subst_types	Vec[i32],
concrete_specialization_syms	Vec[i32],
consuming_pattern_subjects	HashMap[i32, i32],
contextual_copy_adjustment_indices	HashMap[i64, i32],
contextual_copy_adjustments	Vec[ContextualCopyAdjustment],
contextual_join_arm_kinds	Vec[i32],
contextual_join_arm_nodes	Vec[i32],
contextual_join_arm_origin_nodes	Vec[i32],
contextual_join_arm_roles	Vec[i32],
contextual_join_arm_types	Vec[i32],
contextual_join_decision_indices	HashMap[i64, i32],
contextual_join_decisions	Vec[ContextualJoinDecision],
contextual_join_origin_deps	Vec[i32],
current_block_extra_start	i32,
current_block_stmt_count	i32,
current_block_stmt_index	i32,
current_block_tail	i32,
current_drop_type_sym	i32,
current_effect_body	i32,
current_fn_bind_start	i32,
current_fn_may_alloc	i32,
current_fn_param_direct_effs	Vec[i32], // body-local effects, excluding propagated calls
current_fn_param_effs	Vec[i32],   // accumulated effect bits per param
current_fn_param_origins	Vec[i32],// accumulated escape_view origin masks per param
current_fn_param_syms	Vec[i32],   // param name symbols for the function being checked
current_fn_param_view_nodes	Vec[i32], // representative return/view node for escape_view diagnostics
current_fn_sig_idx	i32,           // sig index of current function (-1 if not in a fn body)
current_fn_symbol	i32,
current_fn_variadic	i32,          // 1 while checking a `...` definition body (never a closure in it)
current_gen_yield_type	TypeId,
current_module_has_ci	i32,      // 1 if current module has c_import declarations
current_module_path	str,        // module path being checked right now
current_no_alloc_depth	i32,
current_return_type	TypeId,
current_statement_expr_root	i32,
current_value_expr_root	i32,
debug_fmt_aux_fns	Vec[i32],
debug_fmt_aux_monos	Vec[i32],
debug_fmt_aux_sigs	Vec[i32],
debug_fmt_fns	Vec[i32],
debug_fmt_index	HashMap[i32, i32],
debug_fmt_kinds	Vec[i32],
debug_fmt_monos	Vec[i32],
debug_fmt_probe_visiting	HashMap[i32, i32],
debug_fmt_sigs	Vec[i32],
debug_fmt_synth_syms	HashMap[i32, i32],
debug_fmt_tids	Vec[i32],
declared_write_starts	HashMap[i32, i32],
declared_write_syms_flat	Vec[i32],
deferred_callable_forwards	Vec[i32],
deferred_closure_arg_checks	Vec[i32],
detached_task_stmt_nodes	HashMap[i32, i32],
discarded_stmt_node	i32,
discarded_tails	HashMap[i32, i32],
display_join_node	i32,
drop_consumed_binding_values	HashMap[i32, i32],
drop_control_flow_depth	i32,
dyn_consuming_calls	HashMap[i32, i32],
dyn_downcast_binding_syms	HashMap[i32, i32],
dyn_downcast_binding_types	HashMap[i32, i32],
dyn_impl_counts	HashMap[i64, i32],
dyn_impl_flat_method_names	Vec[i32],
dyn_impl_flat_mono_syms	Vec[i32],
dyn_impl_flat_sigs	Vec[i32],
dyn_impl_starts	HashMap[i64, i32],
effect_note_origin_node	i32,
eph_task_visiting	HashMap[i32, i32],
ephemeral_task_binding_nodes	HashMap[i32, i32],
exhaustive_matches	HashMap[i32, i32],
expected_expr_type	TypeId,
expr_view_into_temporary	HashMap[i32, i32],
facade_presented_calls	HashMap[i32, i32],     // call node -> 1
facade_touch_hit_params	HashMap[i32, i32],    // poisoned view sym -> the parameter the origin came through (-1: a domain)
facade_touch_nodes	HashMap[i32, i32],         // call node -> facade_call_effects index
field_last_use	HashMap[i64, i64],
field_move_diag_nodes	HashMap[i32, i32],
fn_callable_values	HashMap[i32, i32],
fn_goto_nodes	Vec[i32],
fn_goto_orders	Vec[i32],
fn_goto_paths	Vec[str],
fn_goto_syms	Vec[i32],
fn_init_nodes	Vec[i32],
fn_init_orders	Vec[i32],
fn_init_paths	Vec[str],
fn_label_next_scope_id	i32,
fn_label_nodes	Vec[i32],
fn_label_order_counter	i32,
fn_label_orders	Vec[i32],
fn_label_paths	Vec[str],
fn_label_scope_stack	Vec[i32],
fn_label_syms	Vec[i32],
fn_label_used	Vec[i32],
fn_may_alloc	HashMap[i32, i32],
fn_param_invocations	HashMap[i32, i32],
fn_param_many_nodes	HashMap[i32, i32],
fn_value_ident_sigs	HashMap[i32, i32],
for_carrier_matches	HashMap[i32, i32],
for_elem_types	HashMap[i32, i32],
for_view_binding_depths	Vec[i32],
for_view_binding_gen_loops	Vec[i32],
for_view_binding_syms	Vec[i32],
gen_call_view_place_counts	HashMap[i32, i32],
gen_call_view_place_nodes	Vec[i32],
gen_call_view_place_starts	HashMap[i32, i32],
gen_for_body_types	HashMap[i32, i32],
gen_for_each_monos	HashMap[i32, i32],
gen_for_each_sigs	HashMap[i32, i32],
gen_for_each_syms	HashMap[i32, i32],
gen_for_elem_types	HashMap[i32, i32],
gen_pull_fns	Vec[i32],
gen_pull_nodes	Vec[i32],
generator_local_view_origins	HashMap[i32, i32],
generator_local_view_yields	HashMap[i32, i32],
generic_specialization_cache	HashMap[str, i32],
generic_subst_param_syms	Vec[i32],
generic_subst_type_ids	Vec[i32],
global_call_bindings	Vec[i32],
global_call_targets	Vec[i32],
global_callable_values	Vec[i32],
global_calls	Vec[i32],
global_consumed_args	HashMap[i32, i32],
global_dispatcher_heads	HashMap[i32, i32],
global_dispatcher_next	Vec[i32],
global_dispatchers	Vec[i32],
global_dispatchers_expanded	i32,
global_race_access_files	Vec[i32],
global_race_access_kinds	Vec[i32],
global_race_access_nodes	Vec[i32],
global_race_access_paths	Vec[str],
global_race_access_syms	Vec[i32],
global_race_access_unsafe	Vec[i32],
global_race_concurrency_file	i32,
global_race_concurrency_node	i32,
global_race_concurrency_reason	str,
global_race_mutated_syms	HashMap[i32, i32],
global_race_mutation_nodes	HashMap[i32, i32],
global_user_drop_types	HashMap[i32, i32],
global_value_ident_nodes	HashMap[i32, i32],
global_view_call_checks	Vec[i32],
global_write_records	Vec[i32],
has_expected_type	i32,
has_gen_yield_type	i32,
implicit_binding_syms	Vec[i32],
implicit_binding_types	Vec[i32],
in_async_fn	i32,
in_bitwise_literal_context	i32,
in_comptime_fn	i32,
in_concrete_generic_body	i32,
in_defer	i32,
in_negated_literal_context	i32,
in_param_type_position	i32,
in_pipeline_rhs	i32,
in_unsafe	i32,
infer_tail_is_closure	i32,
infer_tail_join	i32,
infer_tail_node	i32,
iter_next_mono_syms	HashMap[i32, i32],
iter_next_sigs	HashMap[i32, i32],
join_assign_arms_as_views	i32,
join_field_view_arms	HashMap[i32, i32],
label_break_off	Vec[i32],
label_break_seen	Vec[i32],
label_break_value_types	Vec[i32],
label_kinds	Vec[i32],
label_loop_entry_binds	Vec[i32],
label_nodes	Vec[i32],
label_syms	Vec[i32],
live_block_counts	Vec[i32],
live_block_depths	Vec[i32],
live_block_floor	i32,
live_block_indexes	Vec[i32],
live_block_starts	Vec[i32],
live_block_tails	Vec[i32],
live_floor_saved	Vec[i32],
live_loop_body_depths	Vec[i32],
live_loop_depths	Vec[i32],
live_loop_floor	i32,
live_loop_nodes	Vec[i32],
local_file_id	i32,
loop_depth	i32,
magic_ident_kinds	HashMap[i32, i32],
marking_explicit_move	i32,
match_in_stmt_pos	i32,
math_builtin_calls	HashMap[i32, i32],
module_path_by_file	HashMap[i32, str], // #1362: file id -> declaring module path (lazy)
move_site_node	i32,
moved_field_base_syms	Vec[i32],
moved_field_path_counts	Vec[i32],
moved_field_path_starts	Vec[i32],
moved_field_path_syms	Vec[i32],
mres_cands_total	Vec[i32],
mres_cands_visible	Vec[i32],
mres_flags	Vec[i32],
mres_fn_syms	Vec[i32],
mres_method_syms	Vec[i32],
mres_nodes	Vec[i32],
mres_owner_syms	Vec[i32],
mres_recv_types	Vec[i32],
mres_sigs	Vec[i32],
named_types	HashMap[i32, i32],
no_await_guard_origin_roots	Vec[i32],
no_await_guard_scope_depth	i32,
no_suspend_scope_depth	i32,
obligation_nodes	Vec[i32],
obligation_trait_syms	Vec[i32],
obligation_type_syms	Vec[i32],
operator_method_calls	HashMap[i32, i32],
operator_method_derived	HashMap[i32, i32],
operator_method_reversed	HashMap[i32, i32],
optional_chain_observing_nodes	HashMap[i32, i32],
pattern_bind_mut	i32,             // 1 while checking a `var PATTERN` head: its bindings are mutable (#1354)
pattern_subject_node	i32,         // subject expr of the pattern being checked (#1272 fix-its); 0 when none
pattern_value_syms	HashMap[i32, i32],
pending_generic_binding_base	HashMap[i32, i32],
pending_generic_binding_call	HashMap[i32, i32],
pending_generic_binding_decl	HashMap[i32, i32],
pipeline_call_return_types	HashMap[i32, i32],
pipeline_carrier_kinds	HashMap[i32, i32],
pipeline_method_calls	HashMap[i32, i32],
prechecked_match_subject	i32,
prechecked_match_subject_type	i32,
qualified_extension_call_nodes	HashMap[i32, i32],
reachable_decl_indices	HashMap[i32, i32],
reachable_seen	HashMap[i32, i32],
reachable_visiting	HashMap[i32, i32],
receiver_arg_call_nodes	HashMap[i32, i32],
recording_propagated_effect	i32,
regex_capture_counts	HashMap[i32, i32],
regex_capture_name_counts	HashMap[i32, i32],
regex_capture_name_starts	HashMap[i32, i32],
regex_capture_name_syms	Vec[i32],
resolved_call_mono_syms	HashMap[i32, i32],
resolved_call_sigs	HashMap[i32, i32],
resolved_generic_call_nodes	HashMap[i32, i32],
scope_name_map	HashMap[i32, i32],
scope_starts	Vec[i32],
sig_param_counts	Vec[i32],
sig_param_direct_effects	Vec[i32],
sig_param_eff_starts	Vec[i32],
sig_param_effects	Vec[i32],
sig_param_invoke_many	Vec[i32],
sig_param_starts	Vec[i32],
sig_param_view_origins	Vec[i32],
sig_params	Vec[i32],
sig_ret_types	Vec[i32],
sig_type_ids	Vec[i32],
sig_value_ref_abi_params	Vec[i32],
sig_variadic	Vec[i32],
slice_coerce_args	HashMap[i32, i32],
stmt_pos_depth	i32,
suppress_errors	i32,
suspend_site_node	i32,
suspend_site_record_depth	i32,
suspend_visiting	HashMap[i32, i32],
sync_scope_names	Vec[i32],
tail_read_assigns	HashMap[i32, i32],
task_param_consumed_memo	HashMap[i64, i32],
task_param_consumed_visiting	HashMap[i64, i32],
try_branch_fns	HashMap[i32, i32],
try_branch_mono_syms	HashMap[i32, i32],
try_branch_result_tys	HashMap[i32, i32],
try_branch_sigs	HashMap[i32, i32],
try_break_tys	HashMap[i32, i32],
try_continue_tys	HashMap[i32, i32],
try_from_break_fns	HashMap[i32, i32],
try_from_break_mono_syms	HashMap[i32, i32],
try_from_break_sigs	HashMap[i32, i32],
type_extra	Vec[i32],
typed_binding_muts	HashMap[i32, i32],
typed_binding_names	HashMap[i32, i32],
typed_binding_types	HashMap[i32, i32],
typed_dump_seen_nodes	HashMap[i32, i32],
typed_dump_visit_budget	i32,
typed_expr_types	HashMap[i32, i32],
types_frozen	i32,
union_in_assign_target	i32,
union_last_written	HashMap[i32, i32],
union_tracked_syms	Vec[i32],   // insertion-ordered tracked union var syms
unsafe_scope_used	Vec[i32],
untyped_callee_calls	Vec[i32],
va_arg_calls	HashMap[i32, i32],
va_start_binding_value	i32,
va_start_calls	HashMap[i32, i32],
vector_splats	HashMap[i32, i32],
view_projection_exprs	HashMap[i32, i32],
with_enter_methods	HashMap[i32, i32],
with_enter_mono_syms	HashMap[i32, i32],
with_enter_sigs	HashMap[i32, i32],
with_exit_methods	HashMap[i32, i32],
with_exit_mono_syms	HashMap[i32, i32],
with_exit_sigs	HashMap[i32, i32],
with_form_kinds	HashMap[i32, i32],
with_payload_types	HashMap[i32, i32],
